{
  "config_name": "dense_only",
  "metrics": {
    "abstention_accuracy": {
      "ci_high": 1.0,
      "ci_low": 0.8636363636363636,
      "mean": 0.9545454545454546,
      "n": 22
    },
    "answer_relevance": {
      "ci_high": 0.4055935984380257,
      "ci_low": 0.31503905408317173,
      "mean": 0.360665237755021,
      "n": 19
    },
    "correctness": {
      "ci_high": 0.466243952126305,
      "ci_low": 0.1926406926406927,
      "mean": 0.3202784143960615,
      "n": 22
    },
    "faithfulness": {
      "ci_high": 1.0,
      "ci_low": 1.0,
      "mean": 1.0,
      "n": 20
    },
    "mrr": {
      "ci_high": 0.9238227146814405,
      "ci_low": 0.6413665743305632,
      "mean": 0.795752539242844,
      "n": 19
    },
    "ndcg@1": {
      "ci_high": 0.8947368421052632,
      "ci_low": 0.47368421052631576,
      "mean": 0.6842105263157895,
      "n": 19
    },
    "ndcg@10": {
      "ci_high": 0.9417257505639144,
      "ci_low": 0.6591431060150438,
      "mean": 0.817037842857149,
      "n": 19
    },
    "ndcg@3": {
      "ci_high": 0.9417257505639144,
      "ci_low": 0.6591431060150438,
      "mean": 0.817037842857149,
      "n": 19
    },
    "ndcg@5": {
      "ci_high": 0.9417257505639144,
      "ci_low": 0.6591431060150438,
      "mean": 0.817037842857149,
      "n": 19
    },
    "recall@1": {
      "ci_high": 0.8947368421052632,
      "ci_low": 0.47368421052631576,
      "mean": 0.6842105263157895,
      "n": 19
    },
    "recall@10": {
      "ci_high": 1.0,
      "ci_low": 0.7368421052631579,
      "mean": 0.8947368421052632,
      "n": 19
    },
    "recall@3": {
      "ci_high": 1.0,
      "ci_low": 0.7368421052631579,
      "mean": 0.8947368421052632,
      "n": 19
    },
    "recall@5": {
      "ci_high": 1.0,
      "ci_low": 0.7368421052631579,
      "mean": 0.8947368421052632,
      "n": 19
    }
  },
  "n_questions": 22,
  "operational": {
    "mean_completion_tokens": 18.0,
    "mean_cost_usd": 0.0,
    "mean_prompt_tokens": 320.72727272727275,
    "p50_latency_ms": 0.1248125008714851,
    "p95_latency_ms": 0.14276250039984006
  },
  "per_question": {
    "abstention_accuracy": {
      "test-001": 1.0,
      "test-002": 1.0,
      "test-003": 1.0,
      "test-004": 1.0,
      "test-005": 1.0,
      "test-006": 1.0,
      "test-007": 1.0,
      "test-008": 1.0,
      "test-009": 1.0,
      "test-010": 1.0,
      "test-011": 1.0,
      "test-012": 1.0,
      "test-013": 1.0,
      "test-014": 1.0,
      "test-015": 1.0,
      "test-016": 1.0,
      "test-017": 1.0,
      "test-018": 1.0,
      "test-019": 1.0,
      "test-na-1": 0.0,
      "test-na-2": 1.0,
      "test-na-3": 1.0
    },
    "answer_relevance": {
      "test-001": 0.4,
      "test-002": 0.30769230769230765,
      "test-003": 0.4285714285714285,
      "test-004": 0.28571428571428575,
      "test-005": 0.30769230769230765,
      "test-006": 0.25,
      "test-007": 0.4285714285714285,
      "test-008": 0.5555555555555556,
      "test-009": 0.4,
      "test-010": 0.42857142857142855,
      "test-011": 0.3333333333333333,
      "test-012": 0.3333333333333333,
      "test-013": 0.28571428571428575,
      "test-014": 0.5333333333333333,
      "test-015": 0.4444444444444444,
      "test-016": 0.26666666666666666,
      "test-017": 0.25,
      "test-018": 0.47058823529411764,
      "test-019": 0.14285714285714285,
      "test-na-1": null,
      "test-na-2": null,
      "test-na-3": null
    },
    "correctness": {
      "test-001": 0.0,
      "test-002": 0.0,
      "test-003": 0.5714285714285715,
      "test-004": 0.0,
      "test-005": 0.0,
      "test-006": 0.0,
      "test-007": 0.5714285714285715,
      "test-008": 0.6666666666666666,
      "test-009": 0.0,
      "test-010": 0.7142857142857143,
      "test-011": 0.19999999999999998,
      "test-012": 0.2857142857142857,
      "test-013": 0.0,
      "test-014": 0.5333333333333333,
      "test-015": 0.5882352941176471,
      "test-016": 0.4444444444444444,
      "test-017": 0.0,
      "test-018": 0.47058823529411764,
      "test-019": 0.0,
      "test-na-1": 0.0,
      "test-na-2": 1.0,
      "test-na-3": 1.0
    },
    "faithfulness": {
      "test-001": 1.0,
      "test-002": 1.0,
      "test-003": 1.0,
      "test-004": 1.0,
      "test-005": 1.0,
      "test-006": 1.0,
      "test-007": 1.0,
      "test-008": 1.0,
      "test-009": 1.0,
      "test-010": 1.0,
      "test-011": 1.0,
      "test-012": 1.0,
      "test-013": 1.0,
      "test-014": 1.0,
      "test-015": 1.0,
      "test-016": 1.0,
      "test-017": 1.0,
      "test-018": 1.0,
      "test-019": 1.0,
      "test-na-1": 1.0,
      "test-na-2": null,
      "test-na-3": null
    },
    "mrr": {
      "test-001": 1.0,
      "test-002": 1.0,
      "test-003": 1.0,
      "test-004": 1.0,
      "test-005": 0.5,
      "test-006": 0.5,
      "test-007": 0.5,
      "test-008": 1.0,
      "test-009": 0.5,
      "test-010": 1.0,
      "test-011": 1.0,
      "test-012": 1.0,
      "test-013": 1.0,
      "test-014": 1.0,
      "test-015": 1.0,
      "test-016": 1.0,
      "test-017": 0.06666666666666667,
      "test-018": 1.0,
      "test-019": 0.05263157894736842,
      "test-na-1": null,
      "test-na-2": null,
      "test-na-3": null
    },
    "ndcg@1": {
      "test-001": 1.0,
      "test-002": 1.0,
      "test-003": 1.0,
      "test-004": 1.0,
      "test-005": 0.0,
      "test-006": 0.0,
      "test-007": 0.0,
      "test-008": 1.0,
      "test-009": 0.0,
      "test-010": 1.0,
      "test-011": 1.0,
      "test-012": 1.0,
      "test-013": 1.0,
      "test-014": 1.0,
      "test-015": 1.0,
      "test-016": 1.0,
      "test-017": 0.0,
      "test-018": 1.0,
      "test-019": 0.0,
      "test-na-1": null,
      "test-na-2": null,
      "test-na-3": null
    },
    "ndcg@10": {
      "test-001": 1.0,
      "test-002": 1.0,
      "test-003": 1.0,
      "test-004": 1.0,
      "test-005": 0.6309297535714575,
      "test-006": 0.6309297535714575,
      "test-007": 0.6309297535714575,
      "test-008": 1.0,
      "test-009": 0.6309297535714575,
      "test-010": 1.0,
      "test-011": 1.0,
      "test-012": 1.0,
      "test-013": 1.0,
      "test-014": 1.0,
      "test-015": 1.0,
      "test-016": 1.0,
      "test-017": 0.0,
      "test-018": 1.0,
      "test-019": 0.0,
      "test-na-1": null,
      "test-na-2": null,
      "test-na-3": null
    },
    "ndcg@3": {
      "test-001": 1.0,
      "test-002": 1.0,
      "test-003": 1.0,
      "test-004": 1.0,
      "test-005": 0.6309297535714575,
      "test-006": 0.6309297535714575,
      "test-007": 0.6309297535714575,
      "test-008": 1.0,
      "test-009": 0.6309297535714575,
      "test-010": 1.0,
      "test-011": 1.0,
      "test-012": 1.0,
      "test-013": 1.0,
      "test-014": 1.0,
      "test-015": 1.0,
      "test-016": 1.0,
      "test-017": 0.0,
      "test-018": 1.0,
      "test-019": 0.0,
      "test-na-1": null,
      "test-na-2": null,
      "test-na-3": null
    },
    "ndcg@5": {
      "test-001": 1.0,
      "test-002": 1.0,
      "test-003": 1.0,
      "test-004": 1.0,
      "test-005": 0.6309297535714575,
      "test-006": 0.6309297535714575,
      "test-007": 0.6309297535714575,
      "test-008": 1.0,
      "test-009": 0.6309297535714575,
      "test-010": 1.0,
      "test-011": 1.0,
      "test-012": 1.0,
      "test-013": 1.0,
      "test-014": 1.0,
      "test-015": 1.0,
      "test-016": 1.0,
      "test-017": 0.0,
      "test-018": 1.0,
      "test-019": 0.0,
      "test-na-1": null,
      "test-na-2": null,
      "test-na-3": null
    },
    "recall@1": {
      "test-001": 1.0,
      "test-002": 1.0,
      "test-003": 1.0,
      "test-004": 1.0,
      "test-005": 0.0,
      "test-006": 0.0,
      "test-007": 0.0,
      "test-008": 1.0,
      "test-009": 0.0,
      "test-010": 1.0,
      "test-011": 1.0,
      "test-012": 1.0,
      "test-013": 1.0,
      "test-014": 1.0,
      "test-015": 1.0,
      "test-016": 1.0,
      "test-017": 0.0,
      "test-018": 1.0,
      "test-019": 0.0,