{
  "config_name": "hybrid",
  "metrics": {
    "abstention_accuracy": {
      "ci_high": 1.0,
      "ci_low": 0.7727272727272727,
      "mean": 0.9090909090909091,
      "n": 22
    },
    "answer_relevance": {
      "ci_high": 0.4055935984380257,
      "ci_low": 0.31503905408317173,
      "mean": 0.360665237755021,
      "n": 19
    },
    "correctness": {
      "ci_high": 0.4090926067396655,
      "ci_low": 0.15674051438757322,
      "mean": 0.274823868941516,
      "n": 22
    },
    "faithfulness": {
      "ci_high": 1.0,
      "ci_low": 1.0,
      "mean": 1.0,
      "n": 21
    },
    "mrr": {
      "ci_high": 0.9565789473684208,
      "ci_low": 0.7134502923976609,
      "mean": 0.8567251461988302,
      "n": 19
    },
    "ndcg@1": {
      "ci_high": 0.9473684210526315,
      "ci_low": 0.5789473684210527,
      "mean": 0.7894736842105263,
      "n": 19
    },
    "ndcg@10": {
      "ci_high": 0.9664776448036633,
      "ci_low": 0.7809575463068337,
      "mean": 0.8904787731534168,
      "n": 19
    },
    "ndcg@3": {
      "ci_high": 0.9616361191212432,
      "ci_low": 0.7114301329793297,
      "mean": 0.8558873424812061,
      "n": 19
    },
    "ndcg@5": {
      "ci_high": 0.9616361191212432,
      "ci_low": 0.7114301329793297,
      "mean": 0.8558873424812061,
      "n": 19
    },
    "recall@1": {
      "ci_high": 0.9473684210526315,
      "ci_low": 0.5789473684210527,
      "mean": 0.7894736842105263,
      "n": 19
    },
    "recall@10": {
      "ci_high": 1.0,
      "ci_low": 1.0,
      "mean": 1.0,
      "n": 19
    },
    "recall@3": {
      "ci_high": 1.0,
      "ci_low": 0.7368421052631579,
      "mean": 0.8947368421052632,
      "n": 19
    },
    "recall@5": {
      "ci_high": 1.0,
      "ci_low": 0.7368421052631579,
      "mean": 0.8947368421052632,
      "n": 19
    }
  },
  "n_questions": 22,
  "operational": {
    "mean_completion_tokens": 18.363636363636363,
    "mean_cost_usd": 0.0,
    "mean_prompt_tokens": 319.3181818181818,
    "p50_latency_ms": 0.20427050185389817,
    "p95_latency_ms": 0.2652693983691279
  },
  "per_question": {
    "abstention_accuracy": {
      "test-001": 1.0,
      "test-002": 1.0,
      "test-003": 1.0,
      "test-004": 1.0,
      "test-005": 1.0,
      "test-006": 1.0,
      "test-007": 1.0,
      "test-008": 1.0,
      "test-009": 1.0,
      "test-010": 1.0,
      "test-011": 1.0,
      "test-012": 1.0,
      "test-013": 1.0,
      "test-014": 1.0,
      "test-015": 1.0,
      "test-016": 1.0,
      "test-017": 1.0,
      "test-018": 1.0,
      "test-019": 1.0,
      "test-na-1": 0.0,
      "test-na-2": 1.0,
      "test-na-3": 0.0
    },
    "answer_relevance": {
      "test-001": 0.4,
      "test-002": 0.30769230769230765,
      "test-003": 0.4285714285714285,
      "test-004": 0.28571428571428575,
      "test-005": 0.30769230769230765,
      "test-006": 0.25,
      "test-007": 0.4285714285714285,
      "test-008": 0.5555555555555556,
      "test-009": 0.4,
      "test-010": 0.42857142857142855,
      "test-011": 0.3333333333333333,
      "test-012": 0.3333333333333333,
      "test-013": 0.28571428571428575,
      "test-014": 0.5333333333333333,
      "test-015": 0.4444444444444444,
      "test-016": 0.26666666666666666,
      "test-017": 0.25,
      "test-018": 0.47058823529411764,
      "test-019": 0.14285714285714285,
      "test-na-1": null,
      "test-na-2": null,
      "test-na-3": null
    },
    "correctness": {
      "test-001": 0.0,
      "test-002": 0.0,
      "test-003": 0.5714285714285715,
      "test-004": 0.0,
      "test-005": 0.0,
      "test-006": 0.0,
      "test-007": 0.5714285714285715,
      "test-008": 0.6666666666666666,
      "test-009": 0.0,
      "test-010": 0.7142857142857143,
      "test-011": 0.19999999999999998,
      "test-012": 0.2857142857142857,
      "test-013": 0.0,
      "test-014": 0.5333333333333333,
      "test-015": 0.5882352941176471,
      "test-016": 0.4444444444444444,
      "test-017": 0.0,
      "test-018": 0.47058823529411764,
      "test-019": 0.0,
      "test-na-1": 0.0,
      "test-na-2": 1.0,
      "test-na-3": 0.0
    },
    "faithfulness": {
      "test-001": 1.0,
      "test-002": 1.0,
      "test-003": 1.0,
      "test-004": 1.0,
      "test-005": 1.0,
      "test-006": 1.0,
      "test-007": 1.0,
      "test-008": 1.0,
      "test-009": 1.0,
      "test-010": 1.0,
      "test-011": 1.0,
      "test-012": 1.0,
      "test-013": 1.0,
      "test-014": 1.0,
      "test-015": 1.0,
      "test-016": 1.0,
      "test-017": 1.0,
      "test-018": 1.0,
      "test-019": 1.0,
      "test-na-1": 1.0,
      "test-na-2": null,
      "test-na-3": 1.0
    },
    "mrr": {
      "test-001": 1.0,
      "test-002": 1.0,
      "test-003": 1.0,
      "test-004": 1.0,
      "test-005": 1.0,
      "test-006": 0.5,
      "test-007": 0.5,
      "test-008": 1.0,
      "test-009": 1.0,
      "test-010": 1.0,
      "test-011": 1.0,
      "test-012": 1.0,
      "test-013": 1.0,
      "test-014": 1.0,
      "test-015": 1.0,
      "test-016": 1.0,
      "test-017": 0.16666666666666666,
      "test-018": 1.0,
      "test-019": 0.1111111111111111,
      "test-na-1": null,
      "test-na-2": null,
      "test-na-3": null
    },
    "ndcg@1": {
      "test-001": 1.0,
      "test-002": 1.0,
      "test-003": 1.0,
      "test-004": 1.0,
      "test-005": 1.0,
      "test-006": 0.0,
      "test-007": 0.0,
      "test-008": 1.0,
      "test-009": 1.0,
      "test-010": 1.0,
      "test-011": 1.0,
      "test-012": 1.0,
      "test-013": 1.0,
      "test-014": 1.0,
      "test-015": 1.0,
      "test-016": 1.0,
      "test-017": 0.0,
      "test-018": 1.0,
      "test-019": 0.0,
      "test-na-1": null,
      "test-na-2": null,
      "test-na-3": null
    },
    "ndcg@10": {
      "test-001": 1.0,
      "test-002": 1.0,
      "test-003": 1.0,
      "test-004": 1.0,
      "test-005": 1.0,
      "test-006": 0.6309297535714575,
      "test-007": 0.6309297535714575,
      "test-008": 1.0,
      "test-009": 1.0,
      "test-010": 1.0,
      "test-011": 1.0,
      "test-012": 1.0,
      "test-013": 1.0,
      "test-014": 1.0,
      "test-015": 1.0,
      "test-016": 1.0,
      "test-017": 0.3562071871080222,
      "test-018": 1.0,
      "test-019": 0.3010299956639812,
      "test-na-1": null,
      "test-na-2": null,
      "test-na-3": null
    },
    "ndcg@3": {
      "test-001": 1.0,
      "test-002": 1.0,
      "test-003": 1.0,
      "test-004": 1.0,
      "test-005": 1.0,
      "test-006": 0.6309297535714575,
      "test-007": 0.6309297535714575,
      "test-008": 1.0,
      "test-009": 1.0,
      "test-010": 1.0,
      "test-011": 1.0,
      "test-012": 1.0,
      "test-013": 1.0,
      "test-014": 1.0,
      "test-015": 1.0,
      "test-016": 1.0,
      "test-017": 0.0,
      "test-018": 1.0,
      "test-019": 0.0,
      "test-na-1": null,
      "test-na-2": null,
      "test-na-3": null
    },
    "ndcg@5": {
      "test-001": 1.0,
      "test-002": 1.0,
      "test-003": 1.0,
      "test-004": 1.0,
      "test-005": 1.0,
      "test-006": 0.6309297535714575,
      "test-007": 0.6309297535714575,
      "test-008": 1.0,
      "test-009": 1.0,
      "test-010": 1.0,
      "test-011": 1.0,
      "test-012": 1.0,
      "test-013": 1.0,
      "test-014": 1.0,
      "test-015": 1.0,
      "test-016": 1.0,
      "test-017": 0.0,
      "test-018": 1.0,
      "test-019": 0.0,
      "test-na-1": null,
      "test-na-2": null,
      "test-na-3": null
    },
    "recall@1": {
      "test-001": 1.0,
      "test-002": 1.0,
      "test-003": 1.0,
      "test-004": 1.0,
      "test-005": 1.0,
      "test-006": 0.0,
      "test-007": 0.0,
      "test-008": 1.0,
      "test-009": 1.0,
      "test-010": 1.0,
      "test-011": 1.0,
      "test-012": 1.0,
      "test-013": 1.0,
      "test-014": 1.0,
      "test-015": 1.0,
      "test-016": 1.0,
      "test-017": 0.0,
      "test-018": 1.0,
      "test-019": 0.0,
      "test-na-1": null,
      "test-na-2": null,
      "test-na-3": null
    },