{
  "config_name": "oracle",
  "metrics": {
    "abstention_accuracy": {
      "ci_high": 1.0,
      "ci_low": 1.0,
      "mean": 1.0,
      "n": 22
    },
    "answer_relevance": {
      "ci_high": 0.4067036180194075,
      "ci_low": 0.3213456410335993,
      "mean": 0.3634527793644626,
      "n": 19
    },
    "correctness": {
      "ci_high": 0.5442608861726509,
      "ci_low": 0.24165775401069517,
      "mean": 0.39300568712333417,
      "n": 22
    },
    "faithfulness": {
      "ci_high": 1.0,
      "ci_low": 1.0,
      "mean": 1.0,
      "n": 19
    },
    "mrr": {
      "ci_high": 1.0,
      "ci_low": 1.0,
      "mean": 1.0,
      "n": 19
    },
    "ndcg@1": {
      "ci_high": 1.0,
      "ci_low": 1.0,
      "mean": 1.0,
      "n": 19
    },
    "ndcg@10": {
      "ci_high": 1.0,
      "ci_low": 1.0,
      "mean": 1.0,
      "n": 19
    },
    "ndcg@3": {
      "ci_high": 1.0,
      "ci_low": 1.0,
      "mean": 1.0,
      "n": 19
    },
    "ndcg@5": {
      "ci_high": 1.0,
      "ci_low": 1.0,
      "mean": 1.0,
      "n": 19
    },
    "recall@1": {
      "ci_high": 1.0,
      "ci_low": 1.0,
      "mean": 1.0,
      "n": 19
    },
    "recall@10": {
      "ci_high": 1.0,
      "ci_low": 1.0,
      "mean": 1.0,
      "n": 19
    },
    "recall@3": {
      "ci_high": 1.0,
      "ci_low": 1.0,
      "mean": 1.0,
      "n": 19
    },
    "recall@5": {
      "ci_high": 1.0,
      "ci_low": 1.0,
      "mean": 1.0,
      "n": 19
    }
  },
  "n_questions": 22,
  "operational": {
    "mean_completion_tokens": 18.40909090909091,
    "mean_cost_usd": 0.0,
    "mean_prompt_tokens": 101.13636363636364,
    "p50_latency_ms": 0.03208299676771276,
    "p95_latency_ms": 0.03785030130529776
  },
  "per_question": {
    "abstention_accuracy": {
      "test-001": 1.0,
      "test-002": 1.0,
      "test-003": 1.0,
      "test-004": 1.0,
      "test-005": 1.0,
      "test-006": 1.0,
      "test-007": 1.0,
      "test-008": 1.0,
      "test-009": 1.0,
      "test-010": 1.0,
      "test-011": 1.0,
      "test-012": 1.0,
      "test-013": 1.0,
      "test-014": 1.0,
      "test-015": 1.0,
      "test-016": 1.0,
      "test-017": 1.0,
      "test-018": 1.0,
      "test-019": 1.0,
      "test-na-1": 1.0,
      "test-na-2": 1.0,
      "test-na-3": 1.0
    },
    "answer_relevance": {
      "test-001": 0.4,
      "test-002": 0.30769230769230765,
      "test-003": 0.4285714285714285,
      "test-004": 0.28571428571428575,
      "test-005": 0.30769230769230765,
      "test-006": 0.25,
      "test-007": 0.4285714285714285,
      "test-008": 0.5555555555555556,
      "test-009": 0.4,
      "test-010": 0.42857142857142855,
      "test-011": 0.3333333333333333,
      "test-012": 0.3333333333333333,
      "test-013": 0.28571428571428575,
      "test-014": 0.5333333333333333,
      "test-015": 0.4444444444444444,
      "test-016": 0.26666666666666666,
      "test-017": 0.23529411764705882,
      "test-018": 0.47058823529411764,
      "test-019": 0.21052631578947364,
      "test-na-1": null,
      "test-na-2": null,
      "test-na-3": null
    },
    "correctness": {
      "test-001": 0.0,
      "test-002": 0.0,
      "test-003": 0.5714285714285715,
      "test-004": 0.0,
      "test-005": 0.0,
      "test-006": 0.0,
      "test-007": 0.5714285714285715,
      "test-008": 0.6666666666666666,
      "test-009": 0.0,
      "test-010": 0.7142857142857143,
      "test-011": 0.19999999999999998,
      "test-012": 0.2857142857142857,
      "test-013": 0.0,
      "test-014": 0.5333333333333333,
      "test-015": 0.5882352941176471,
      "test-016": 0.4444444444444444,
      "test-017": 0.6,
      "test-018": 0.47058823529411764,
      "test-019": 0.0,
      "test-na-1": 1.0,
      "test-na-2": 1.0,
      "test-na-3": 1.0
    },
    "faithfulness": {
      "test-001": 1.0,
      "test-002": 1.0,
      "test-003": 1.0,
      "test-004": 1.0,
      "test-005": 1.0,
      "test-006": 1.0,
      "test-007": 1.0,
      "test-008": 1.0,
      "test-009": 1.0,
      "test-010": 1.0,
      "test-011": 1.0,
      "test-012": 1.0,
      "test-013": 1.0,
      "test-014": 1.0,
      "test-015": 1.0,
      "test-016": 1.0,
      "test-017": 1.0,
      "test-018": 1.0,
      "test-019": 1.0,
      "test-na-1": null,
      "test-na-2": null,
      "test-na-3": null
    },
    "mrr": {
      "test-001": 1.0,
      "test-002": 1.0,
      "test-003": 1.0,
      "test-004": 1.0,
      "test-005": 1.0,
      "test-006": 1.0,
      "test-007": 1.0,
      "test-008": 1.0,
      "test-009": 1.0,
      "test-010": 1.0,
      "test-011": 1.0,
      "test-012": 1.0,
      "test-013": 1.0,
      "test-014": 1.0,
      "test-015": 1.0,
      "test-016": 1.0,
      "test-017": 1.0,
      "test-018": 1.0,
      "test-019": 1.0,
      "test-na-1": null,
      "test-na-2": null,
      "test-na-3": null
    },
    "ndcg@1": {
      "test-001": 1.0,
      "test-002": 1.0,
      "test-003": 1.0,
      "test-004": 1.0,
      "test-005": 1.0,
      "test-006": 1.0,
      "test-007": 1.0,
      "test-008": 1.0,
      "test-009": 1.0,
      "test-010": 1.0,
      "test-011": 1.0,
      "test-012": 1.0,
      "test-013": 1.0,
      "test-014": 1.0,
      "test-015": 1.0,
      "test-016": 1.0,
      "test-017": 1.0,
      "test-018": 1.0,
      "test-019": 1.0,
      "test-na-1": null,
      "test-na-2": null,
      "test-na-3": null
    },
    "ndcg@10": {
      "test-001": 1.0,
      "test-002": 1.0,
      "test-003": 1.0,
      "test-004": 1.0,
      "test-005": 1.0,
      "test-006": 1.0,
      "test-007": 1.0,
      "test-008": 1.0,
      "test-009": 1.0,
      "test-010": 1.0,
      "test-011": 1.0,
      "test-012": 1.0,
      "test-013": 1.0,
      "test-014": 1.0,
      "test-015": 1.0,
      "test-016": 1.0,
      "test-017": 1.0,
      "test-018": 1.0,
      "test-019": 1.0,
      "test-na-1": null,
      "test-na-2": null,
      "test-na-3": null
    },
    "ndcg@3": {
      "test-001": 1.0,
      "test-002": 1.0,
      "test-003": 1.0,
      "test-004": 1.0,
      "test-005": 1.0,
      "test-006": 1.0,
      "test-007": 1.0,
      "test-008": 1.0,
      "test-009": 1.0,
      "test-010": 1.0,
      "test-011": 1.0,
      "test-012": 1.0,
      "test-013": 1.0,
      "test-014": 1.0,
      "test-015": 1.0,
      "test-016": 1.0,
      "test-017": 1.0,
      "test-018": 1.0,
      "test-019": 1.0,
      "test-na-1": null,
      "test-na-2": null,
      "test-na-3": null
    },
    "ndcg@5": {
      "test-001": 1.0,
      "test-002": 1.0,
      "test-003": 1.0,
      "test-004": 1.0,
      "test-005": 1.0,
      "test-006": 1.0,
      "test-007": 1.0,
      "test-008": 1.0,
      "test-009": 1.0,
      "test-010": 1.0,
      "test-011": 1.0,
      "test-012": 1.0,
      "test-013": 1.0,
      "test-014": 1.0,
      "test-015": 1.0,
      "test-016": 1.0,
      "test-017": 1.0,
      "test-018": 1.0,
      "test-019": 1.0,
      "test-na-1": null,
      "test-na-2": null,
      "test-na-3": null
    },
    "recall@1": {
      "test-001": 1.0,
      "test-002": 1.0,
      "test-003": 1.0,
      "test-004": 1.0,
      "test-005": 1.0,
      "test-006": 1.0,
      "test-007": 1.0,
      "test-008": 1.0,
      "test-009": 1.0,
      "test-010": 1.0,
      "test-011": 1.0,
      "test-012": 1.0,
      "test-013": 1.0,
      "test-014": 1.0,
      "test-015": 1.0,
      "test-016": 1.0,
      "test-017": 1.0,
      "test-018": 1.0,
      "test-019": 1.0,
      "test-na-1": null,
      "test-na-2": null,
      "test-na-3": null
    },
    "recall@10": {
      "test-001": 1.0,
      "test-002": 1.0,
      "test-003": 1.0,
      "test-004": 1.0,
      "test-005": 1.0,
      "test-006": 1.0,
      "test-007": 1.0,
      "test-008": 1.0,
      "test-009": 1.0,
      "test-010": 1.0,
      "test-011": 1.0,
      "test-012": 1.0,
      "test-013": 1.0,
      "test-014": 1.0,
      "test-015": 1.0,
      "test-016": 1.0,
      "test-017": 1.0,
      "test-018": 1.0,
      "test-019": 1.0,
      "test-na-1": null,